text,true_emotion,predicted_emotion
"Kik to trade, have fun or a conversation  (kik: youraffair) #kik #kikme #messageme #textme #pics #trade #tradepics #dm #snap #bored",anger,joy
"Anger, resentment, and hatred are the destroyer of your fortune today.",anger,anger
@TrueAggieFan oh so that's where Brian was! Where was my invite? #offended,anger,anger
S/O to the girl that just hit my car...not only did she get lucky w/ no scratch but also from being spared the wrath of sleep deprived KaitüôÉ,anger,anger
Having a baby born too soon is #lifechanging 6 years on and it feels like only yesterday #sad #happy  #emotionalrollercoaster,anger,sadness
"[ @HedgehogDylan ] *she would frown a bit, folding her arms* 'why is it that every time I'm in need of assistance someone expects a lil **",anger,sadness
"Just watched Django Unchained, Other people may frown, but I titter in delight! 2/5",anger,joy
"Why to have vanity sizes?Now sizes S,XS(evenXXS sometimes) are too big, WTF?! Dear corporate jerks, Lithuania didn't need this. #rant ",anger,anger
Just joined #pottermore and was sorted into HUFFLEPUFF üò°üò°üò° #fuming,anger,anger
All Brian does is sleep and aggravate me,anger,anger
Hate when guys cant control their anger üôÉüôÉ,anger,anger
"@marcavis @AntisocialJW2 I've always been fiery, but never radical.",anger,anger
#oow16 #sting decent new song,anger,joy
Just joined #pottermore and was sorted into HUFFLEPUFF üò°üò°üò° ,anger,anger
Sorry guys I have absolutely no idea what time i'll be on cam tomorrow but will keep you posted. #fuming,anger,anger
Ok scrubbed hands 5 times before trying to put them in.\nEyeballs #burning \n#EvenMoreBlind accidentally scared the #cat whilst #screeching,anger,fear
Sting is just too damn earnest for early morning listening. ,anger,sadness
"I think our defense here at USC is playing well, we just need to fix a few things on offense and we can win the PAC 12 this year'",anger,joy
@ZubairSabirPTI  pls dont insult the word 'Molna',anger,anger
"@CozanGaming that's what lisa asked before she started raging at me, 'can I call you?' heh",anger,anger
And I cried in front of my guy last night. And it's just been a horrible week but it's only for a week,fear,sadness
"Gahh...BT, in queue for 30 minutes.. Now put through to BT Sport dept to cancel... back in a queue again... #shocking",fear,anger
Why upping rooms makes a few apprehend leaving out charcoal ownership: UnZU,fear,fear
"@JeffersonLake speaking of ex cobblers, saw Ricky Holmes at Charlton last week.. tracking back &amp; defending... I dread seeing Gorre on ball..",fear,sadness
@LethalWeaponFOX This show SUCKS! #lame #awful you even used the same names?? lol SO SO bad! #Failed #notworth2minutes. Off air SOON,fear,anger
The Apocalypse has hit our gym and it's  nothing what I thought it would be...\n\nEveryone is wearing vests! What if it's contagious? #afraid,fear,fear
Thanks for ripping me off again #Luthansa ‚Ç¨400 not enough for a one way flight to man from Frk then ‚Ç¨30 for a bag then free at gate ,fear,anger
@All4 is the android app it designed to be buggy and work sporadically on a fire TV box? #shocking,fear,anger
Thanks for ripping me off again #Luthansa ‚Ç¨400 not enough for a one way flight to man from Frk then ‚Ç¨30 for a bag then free at gate #awful,fear,anger
My Modern Proverb: 'Don't let anyone intimidate you about being single; most marriages end in divorce.',fear,joy
"Honestly, there are some awful people on the internet... smh...",fear,sadness
Another fun fact: i am afraid,fear,fear
"@ccrago It was dreadful, even after he met the Catfish he still thought it was her!",fear,sadness
Nothing worse than an uber driver that can't drive. ,fear,anger
"By officialy adopting #BurhanWani, a #Hizbul terrorist, #Pakistan n #NawazSharif hv md a cardinal mistake 2day tht'll haunt fr years. #UNGA",fear,anger
"@stephenfhayes Mustard gas = hostile work environment, not #terrorism; call #OSHA not #military",fear,anger
@Evan_McMullin @TheBlazeRadio Classic SHITLIB bullshit. Create a horrible problem and then 'discuss' how to solve it. What a PIMP.,fear,anger
Staff on @ryainair FR1005. Asked for info and told to look online. You get what you pay for. #Ryanair @STN_Airport #Compensation #awful,fear,anger
Whatt a trailerrrr !!! @karanjohar @AnushkaSharma #RanbirKapoor #AishwaryaRaiBachchan i am COMPLETELY BLOWN !!  #longingformore,fear,joy
So about 18mths ago i signed up to @Lumo_Energy for their @VirginAustralia / Velocity FF deal. 18 months in still no FF points #shocking,fear,anger
The smell of freshly cut grass didn't even cheer me up...boy oh boy,joy,sadness
A lifetime of laughter at the expense of the death of a bachelor,joy,joy
@kwelbyroberts they will come and you will rejoice at their arrival.,joy,joy
I hate it when im singing and some idiot thinks they can just join in with me like...this is not fcking glee #MeanRikonaBot,joy,anger
Sioux Valley wins home competitive #cheer invite with a score of 158. ...Dell Rapids second at 138,joy,joy
@Communism_Kills i get the subway melt and make sure it's only hearty italian bread... black olives are a must though,joy,joy
@Bridget_Jones was joyous. Worried I would be disappointed. Most definitely was not. #chickflick #giggles #comethefuckonbridget,joy,joy
@bruins_514 @gorddownie @thehipdotcom It would be #TragicallyHip if they can #help @TOYSFORASMILE make #hospitalized  #sick #kids #smile üòä‚úå‚ù§,joy,joy
Metal keeps you young and spry and keeps your hair luxurious.\n\nYES\n\nSHUT UP AND LISTEN TO ME,joy,anger
"@Casper10666 I assure you there is no laughter, but increasing anger at the costs, and arrogance of Westminster.",joy,anger
@MacDsmash you should get some @SSB_Swedish delight,joy,joy
@MichiganBromo Good optimism sir :),joy,joy
It feels good to get outside for a minute and get some fresh air.  It's hard to stay cooped up inside all day ,joy,joy
Somebody who has braved the storm is brewing. #cheerful,joy,joy
"Our tone of voice: we're like One Direction, we're thoughtful and timid, yet playful",joy,joy
I love my family so much #lucky #grateful #smartassfamily #hilarious #love,joy,joy
"@airtelindia have some issues with my broadband bill ,I am charged for the month before I signed up with airtel.. #hilarious",joy,anger
"Be it a rainy day, be it cheerful sunshine, I am a Prussian, want nothing to be but a Prussian.:|",joy,joy
A hearty Jonza! to all my friends and follower.,joy,joy
"Good #CX most often doesn't require all that much. #smile, #care, #relate and be #helpful. Thanks, Lakis Court Hotel in #cyprus",joy,joy
watching this uni reveal is so depressing i miss stingrays :(,sadness,sadness
I feel like an appendix. I don't have a purpose.  #depressed  #alone #lonely #broken  #cry #hurt #crying #life,sadness,sadness
and for inconsolable Oxford academics - 'Brussels should just ignore the #Brexit vote and tell the UK it can't leave the EU....ever....wah',sadness,anger
It's basically a dead skin peel which sounds grim. But it literally gets rid of so much dead skin from your pores.,sadness,sadness
‚ÄúDyslexia is the affliction of a frozen genius.‚Äù‚Äï Stephen Richards,sadness,sadness
"Donating to Trump puts a damper on a very exciting @Cubs season. Really bad look, Ricketts family.",sadness,sadness
Folk Band 'Thistle Down' will be replaced by 'The Paul Edwards Quartet' at Laurel Bank Park Sat 24 11am - 3pm due to ill health #jazz ,sadness,sadness
A3: But chronic sadness may mean there are underlying issues than getting sad occassionally over a particular issue (2/2) #mhchat,sadness,sadness
"@CovinoandRich just heard back2back,  guess that's why they call it the blues &amp; she's got the look, but I can only sing tickle sacks version",sadness,sadness
Rooney is 5 yards off the pace in a League Cup game against Northampton Town. Let that sink in for a moment. #MUFC,sadness,sadness
If you #invest in my new #film I will stop asking you to invest in my new film. #concessions #crime #despair #shortsightedness #celebrities,sadness,anger
"Just watched Django Unchained, Other people may frown, but I titter in delight! 2/5",sadness,joy
"Stars, when you shine,\nYou know how I feel.\nScent of the pine, \nYou know how I feel.\nFreedom is mine,\nI know how I feel.\nI'm feelin' good.",sadness,joy
Should of stayed in Dubai üòû,sadness,sadness
If I had a little bit of extra money I would blow the whole paycheck and go to one of the two of @KygoMusic's concerts in LA. #serious,sadness,joy
@FFBren @CDCarter13 included for maximum #sadness,sadness,sadness
A .500 season is all I'm looking for at this point. #depressing #royals,sadness,sadness
I can't WAIT to go to work tomorrow with a high as fuck fever. [sarcasm]\nHopefully I'll feel better tomorrow.\nBut I doubt it. #pessimism,sadness,sadness
Common app just randomly logged me out as I was writing the last part of my college essay and lost all of it üò≠üò≠üò≠,sadness,sadness
@AnjiDunlap droop in leggings? Are they wearing XXXL?,sadness,sadness
